cust_id,card_id,card_limit
1,c1,2000
2,c2,5000
3,c3,10000
4,c4,4000
5,c5,2500
6,c6,5500
7,c7,12000
8,c8,3000
9,c9,7000
10,c10,5000
11,c11,10000
12,c12,6000
13,c13,9000
14,c14,5000
15,c15,10000
16,c16,4000
17,c17,2000
18,c18,5000
19,c19,10000
20,c20,4000
